CREATE DATABASE  IF NOT EXISTS `ug_mantis` /*!40100 DEFAULT CHARACTER SET utf8 */;
USE `ug_mantis`;
-- MySQL dump 10.13  Distrib 5.7.9, for Win64 (x86_64)
--
-- Host: localhost    Database: ug_mantis
-- ------------------------------------------------------
-- Server version	5.7.11-log

/*!40101 SET @OLD_CHARACTER_SET_CLIENT=@@CHARACTER_SET_CLIENT */;
/*!40101 SET @OLD_CHARACTER_SET_RESULTS=@@CHARACTER_SET_RESULTS */;
/*!40101 SET @OLD_COLLATION_CONNECTION=@@COLLATION_CONNECTION */;
/*!40101 SET NAMES utf8 */;
/*!40103 SET @OLD_TIME_ZONE=@@TIME_ZONE */;
/*!40103 SET TIME_ZONE='+00:00' */;
/*!40014 SET @OLD_UNIQUE_CHECKS=@@UNIQUE_CHECKS, UNIQUE_CHECKS=0 */;
/*!40014 SET @OLD_FOREIGN_KEY_CHECKS=@@FOREIGN_KEY_CHECKS, FOREIGN_KEY_CHECKS=0 */;
/*!40101 SET @OLD_SQL_MODE=@@SQL_MODE, SQL_MODE='NO_AUTO_VALUE_ON_ZERO' */;
/*!40111 SET @OLD_SQL_NOTES=@@SQL_NOTES, SQL_NOTES=0 */;

--
-- Table structure for table `mantis_bug_file_table`
--

DROP TABLE IF EXISTS `mantis_bug_file_table`;
/*!40101 SET @saved_cs_client     = @@character_set_client */;
/*!40101 SET character_set_client = utf8 */;
CREATE TABLE `mantis_bug_file_table` (
  `id` int(10) unsigned NOT NULL AUTO_INCREMENT,
  `bug_id` int(10) unsigned NOT NULL DEFAULT '0',
  `title` varchar(250) NOT NULL DEFAULT '',
  `description` varchar(250) NOT NULL DEFAULT '',
  `diskfile` varchar(250) NOT NULL DEFAULT '',
  `filename` varchar(250) NOT NULL DEFAULT '',
  `folder` varchar(250) NOT NULL DEFAULT '',
  `filesize` int(11) NOT NULL DEFAULT '0',
  `file_type` varchar(250) NOT NULL DEFAULT '',
  `content` longblob NOT NULL,
  `date_added` int(10) unsigned NOT NULL DEFAULT '1',
  `user_id` int(10) unsigned NOT NULL DEFAULT '0',
  PRIMARY KEY (`id`),
  KEY `idx_bug_file_bug_id` (`bug_id`),
  KEY `idx_diskfile` (`diskfile`)
) ENGINE=MyISAM DEFAULT CHARSET=utf8;
/*!40101 SET character_set_client = @saved_cs_client */;

--
-- Dumping data for table `mantis_bug_file_table`
--

LOCK TABLES `mantis_bug_file_table` WRITE;
/*!40000 ALTER TABLE `mantis_bug_file_table` DISABLE KEYS */;
/*!40000 ALTER TABLE `mantis_bug_file_table` ENABLE KEYS */;
UNLOCK TABLES;

--
-- Table structure for table `mantis_bug_history_table`
--

DROP TABLE IF EXISTS `mantis_bug_history_table`;
/*!40101 SET @saved_cs_client     = @@character_set_client */;
/*!40101 SET character_set_client = utf8 */;
CREATE TABLE `mantis_bug_history_table` (
  `id` int(10) unsigned NOT NULL AUTO_INCREMENT,
  `user_id` int(10) unsigned NOT NULL DEFAULT '0',
  `bug_id` int(10) unsigned NOT NULL DEFAULT '0',
  `field_name` varchar(64) NOT NULL,
  `old_value` varchar(255) NOT NULL,
  `new_value` varchar(255) NOT NULL,
  `type` smallint(6) NOT NULL DEFAULT '0',
  `date_modified` int(10) unsigned NOT NULL DEFAULT '1',
  PRIMARY KEY (`id`),
  KEY `idx_bug_history_bug_id` (`bug_id`),
  KEY `idx_history_user_id` (`user_id`)
) ENGINE=MyISAM AUTO_INCREMENT=47 DEFAULT CHARSET=utf8;
/*!40101 SET character_set_client = @saved_cs_client */;

--
-- Dumping data for table `mantis_bug_history_table`
--

LOCK TABLES `mantis_bug_history_table` WRITE;
/*!40000 ALTER TABLE `mantis_bug_history_table` DISABLE KEYS */;
INSERT INTO `mantis_bug_history_table` VALUES (1,2,1,'','','',1,1456822843),(2,2,1,'status','10','50',0,1456822843),(3,2,1,'handler_id','0','2',0,1456822843),(4,2,2,'','','',1,1456822914),(5,2,3,'','','',1,1456822962),(6,2,4,'','','',1,1456822999),(7,2,5,'','','',1,1456823024),(8,2,6,'','','',1,1456823061),(9,2,7,'','','',1,1456823089),(10,2,8,'','','',1,1456823125),(11,2,1,'','0000001','',2,1456823198),(12,2,1,'status','50','20',0,1456823198),(13,2,1,'target_version','','3.0a',0,1456823293),(14,2,8,'target_version','','3.0a',0,1456823328),(15,2,7,'target_version','','3.0a',0,1456823332),(16,2,6,'target_version','','3.0a',0,1456823335),(17,2,5,'target_version','','3.0a',0,1456823347),(18,2,4,'target_version','','3.0a',0,1456823351),(19,2,3,'target_version','','3.0a',0,1456823354),(20,2,2,'target_version','','3.0a',0,1456823362),(21,3,5,'handler_id','0','3',0,1456864619),(22,3,5,'status','10','50',0,1456864619),(23,3,2,'handler_id','0','3',0,1456867839),(24,3,2,'status','10','50',0,1456867839),(25,3,9,'','','',1,1456874691),(26,3,9,'handler_id','0','3',0,1456874703),(27,3,9,'status','10','50',0,1456874703),(28,3,9,'','0000002','',2,1456874732),(29,3,9,'status','50','80',0,1456874732),(30,3,9,'resolution','10','20',0,1456874732),(31,3,2,'','0000003','',2,1456874898),(32,3,5,'','0000004','',2,1456883134),(33,3,5,'status','50','30',0,1456883134),(34,3,5,'','0000004','',4,1456883156),(35,3,5,'status','30','50',0,1456883162),(36,3,2,'','0000005','',2,1456889629),(37,2,3,'handler_id','0','2',0,1456890317),(38,2,3,'status','10','50',0,1456890317),(39,3,2,'','0000006','',2,1456892969),(40,3,2,'','0000007','',2,1457127524),(41,3,2,'status','50','80',0,1457127524),(42,3,2,'fixed_in_version','','3.0a',0,1457127524),(43,3,2,'resolution','10','20',0,1457127524),(44,3,5,'status','50','80',0,1458090056),(45,3,5,'fixed_in_version','','3.0a',0,1458090056),(46,3,5,'resolution','10','20',0,1458090056);
/*!40000 ALTER TABLE `mantis_bug_history_table` ENABLE KEYS */;
UNLOCK TABLES;

--
-- Table structure for table `mantis_bug_monitor_table`
--

DROP TABLE IF EXISTS `mantis_bug_monitor_table`;
/*!40101 SET @saved_cs_client     = @@character_set_client */;
/*!40101 SET character_set_client = utf8 */;
CREATE TABLE `mantis_bug_monitor_table` (
  `user_id` int(10) unsigned NOT NULL DEFAULT '0',
  `bug_id` int(10) unsigned NOT NULL DEFAULT '0',
  PRIMARY KEY (`user_id`,`bug_id`)
) ENGINE=MyISAM DEFAULT CHARSET=utf8;
/*!40101 SET character_set_client = @saved_cs_client */;

--
-- Dumping data for table `mantis_bug_monitor_table`
--

LOCK TABLES `mantis_bug_monitor_table` WRITE;
/*!40000 ALTER TABLE `mantis_bug_monitor_table` DISABLE KEYS */;
/*!40000 ALTER TABLE `mantis_bug_monitor_table` ENABLE KEYS */;
UNLOCK TABLES;

--
-- Table structure for table `mantis_bug_relationship_table`
--

DROP TABLE IF EXISTS `mantis_bug_relationship_table`;
/*!40101 SET @saved_cs_client     = @@character_set_client */;
/*!40101 SET character_set_client = utf8 */;
CREATE TABLE `mantis_bug_relationship_table` (
  `id` int(10) unsigned NOT NULL AUTO_INCREMENT,
  `source_bug_id` int(10) unsigned NOT NULL DEFAULT '0',
  `destination_bug_id` int(10) unsigned NOT NULL DEFAULT '0',
  `relationship_type` smallint(6) NOT NULL DEFAULT '0',
  PRIMARY KEY (`id`),
  KEY `idx_relationship_source` (`source_bug_id`),
  KEY `idx_relationship_destination` (`destination_bug_id`)
) ENGINE=MyISAM DEFAULT CHARSET=utf8;
/*!40101 SET character_set_client = @saved_cs_client */;

--
-- Dumping data for table `mantis_bug_relationship_table`
--

LOCK TABLES `mantis_bug_relationship_table` WRITE;
/*!40000 ALTER TABLE `mantis_bug_relationship_table` DISABLE KEYS */;
/*!40000 ALTER TABLE `mantis_bug_relationship_table` ENABLE KEYS */;
UNLOCK TABLES;

--
-- Table structure for table `mantis_bug_revision_table`
--

DROP TABLE IF EXISTS `mantis_bug_revision_table`;
/*!40101 SET @saved_cs_client     = @@character_set_client */;
/*!40101 SET character_set_client = utf8 */;
CREATE TABLE `mantis_bug_revision_table` (
  `id` int(10) unsigned NOT NULL AUTO_INCREMENT,
  `bug_id` int(10) unsigned NOT NULL,
  `bugnote_id` int(10) unsigned NOT NULL DEFAULT '0',
  `user_id` int(10) unsigned NOT NULL,
  `type` int(10) unsigned NOT NULL,
  `value` longtext NOT NULL,
  `timestamp` int(10) unsigned NOT NULL DEFAULT '1',
  PRIMARY KEY (`id`),
  KEY `idx_bug_rev_type` (`type`),
  KEY `idx_bug_rev_id_time` (`bug_id`,`timestamp`)
) ENGINE=MyISAM DEFAULT CHARSET=utf8;
/*!40101 SET character_set_client = @saved_cs_client */;

--
-- Dumping data for table `mantis_bug_revision_table`
--

LOCK TABLES `mantis_bug_revision_table` WRITE;
/*!40000 ALTER TABLE `mantis_bug_revision_table` DISABLE KEYS */;
/*!40000 ALTER TABLE `mantis_bug_revision_table` ENABLE KEYS */;
UNLOCK TABLES;

--
-- Table structure for table `mantis_bug_table`
--

DROP TABLE IF EXISTS `mantis_bug_table`;
/*!40101 SET @saved_cs_client     = @@character_set_client */;
/*!40101 SET character_set_client = utf8 */;
CREATE TABLE `mantis_bug_table` (
  `id` int(10) unsigned NOT NULL AUTO_INCREMENT,
  `project_id` int(10) unsigned NOT NULL DEFAULT '0',
  `reporter_id` int(10) unsigned NOT NULL DEFAULT '0',
  `handler_id` int(10) unsigned NOT NULL DEFAULT '0',
  `duplicate_id` int(10) unsigned NOT NULL DEFAULT '0',
  `priority` smallint(6) NOT NULL DEFAULT '30',
  `severity` smallint(6) NOT NULL DEFAULT '50',
  `reproducibility` smallint(6) NOT NULL DEFAULT '10',
  `status` smallint(6) NOT NULL DEFAULT '10',
  `resolution` smallint(6) NOT NULL DEFAULT '10',
  `projection` smallint(6) NOT NULL DEFAULT '10',
  `eta` smallint(6) NOT NULL DEFAULT '10',
  `bug_text_id` int(10) unsigned NOT NULL DEFAULT '0',
  `os` varchar(32) NOT NULL DEFAULT '',
  `os_build` varchar(32) NOT NULL DEFAULT '',
  `platform` varchar(32) NOT NULL DEFAULT '',
  `version` varchar(64) NOT NULL DEFAULT '',
  `fixed_in_version` varchar(64) NOT NULL DEFAULT '',
  `build` varchar(32) NOT NULL DEFAULT '',
  `profile_id` int(10) unsigned NOT NULL DEFAULT '0',
  `view_state` smallint(6) NOT NULL DEFAULT '10',
  `summary` varchar(128) NOT NULL DEFAULT '',
  `sponsorship_total` int(11) NOT NULL DEFAULT '0',
  `sticky` tinyint(4) NOT NULL DEFAULT '0',
  `target_version` varchar(64) NOT NULL DEFAULT '',
  `category_id` int(10) unsigned NOT NULL DEFAULT '1',
  `date_submitted` int(10) unsigned NOT NULL DEFAULT '1',
  `due_date` int(10) unsigned NOT NULL DEFAULT '1',
  `last_updated` int(10) unsigned NOT NULL DEFAULT '1',
  PRIMARY KEY (`id`),
  KEY `idx_bug_sponsorship_total` (`sponsorship_total`),
  KEY `idx_bug_fixed_in_version` (`fixed_in_version`),
  KEY `idx_bug_status` (`status`),
  KEY `idx_project` (`project_id`)
) ENGINE=MyISAM AUTO_INCREMENT=10 DEFAULT CHARSET=utf8;
/*!40101 SET character_set_client = @saved_cs_client */;

--
-- Dumping data for table `mantis_bug_table`
--

LOCK TABLES `mantis_bug_table` WRITE;
/*!40000 ALTER TABLE `mantis_bug_table` DISABLE KEYS */;
INSERT INTO `mantis_bug_table` VALUES (1,1,2,2,0,40,10,100,20,10,10,10,1,'Any','Any','Windows','','','',1,10,'Create unified logon system',0,0,'3.0a',2,1456822843,1,1456823293),(2,1,2,3,0,30,10,100,80,20,10,10,2,'Any','Any','Windows','','3.0a','',1,10,'Clothing System',0,0,'3.0a',2,1456822914,1,1457127524),(3,1,2,2,0,30,10,100,50,10,10,10,3,'Any','Any','Windows','','','',1,10,'Adjustable Vehicle Handling',0,0,'3.0a',2,1456822962,1,1456890317),(4,1,2,0,0,30,10,100,10,10,10,10,4,'Any','Any','Windows','','','',1,10,'Phone System Refresh',0,0,'3.0a',2,1456822999,1,1456823351),(5,1,2,3,0,30,10,100,80,20,10,10,5,'Any','Any','Windows','','3.0a','',1,10,'Wounded Script',0,0,'3.0a',2,1456823024,1,1458090057),(6,1,2,0,0,30,10,100,10,10,10,10,6,'Any','Any','Windows','','','',1,10,'Custom Texturing',0,0,'3.0a',2,1456823061,1,1456823335),(7,1,2,0,0,30,50,10,10,10,10,10,7,'Any','Any','Windows','','','',1,10,'Weapon pack bugs',0,0,'3.0a',2,1456823089,1,1456823332),(8,1,2,0,0,30,10,100,10,10,10,10,8,'Any','Any','Windows','','','',1,10,'Economy Revamp',0,0,'3.0a',2,1456823125,1,1456823328),(9,1,3,3,0,30,40,10,80,20,10,10,9,'','','','','','',0,10,'Interior marker freeze vulnerability',0,0,'',2,1456874691,1,1456874732);
/*!40000 ALTER TABLE `mantis_bug_table` ENABLE KEYS */;
UNLOCK TABLES;

--
-- Table structure for table `mantis_bug_tag_table`
--

DROP TABLE IF EXISTS `mantis_bug_tag_table`;
/*!40101 SET @saved_cs_client     = @@character_set_client */;
/*!40101 SET character_set_client = utf8 */;
CREATE TABLE `mantis_bug_tag_table` (
  `bug_id` int(10) unsigned NOT NULL DEFAULT '0',
  `tag_id` int(10) unsigned NOT NULL DEFAULT '0',
  `user_id` int(10) unsigned NOT NULL DEFAULT '0',
  `date_attached` int(10) unsigned NOT NULL DEFAULT '1',
  PRIMARY KEY (`bug_id`,`tag_id`),
  KEY `idx_bug_tag_tag_id` (`tag_id`)
) ENGINE=MyISAM DEFAULT CHARSET=utf8;
/*!40101 SET character_set_client = @saved_cs_client */;

--
-- Dumping data for table `mantis_bug_tag_table`
--

LOCK TABLES `mantis_bug_tag_table` WRITE;
/*!40000 ALTER TABLE `mantis_bug_tag_table` DISABLE KEYS */;
/*!40000 ALTER TABLE `mantis_bug_tag_table` ENABLE KEYS */;
UNLOCK TABLES;

--
-- Table structure for table `mantis_bug_text_table`
--

DROP TABLE IF EXISTS `mantis_bug_text_table`;
/*!40101 SET @saved_cs_client     = @@character_set_client */;
/*!40101 SET character_set_client = utf8 */;
CREATE TABLE `mantis_bug_text_table` (
  `id` int(10) unsigned NOT NULL AUTO_INCREMENT,
  `description` longtext NOT NULL,
  `steps_to_reproduce` longtext NOT NULL,
  `additional_information` longtext NOT NULL,
  PRIMARY KEY (`id`)
) ENGINE=MyISAM AUTO_INCREMENT=10 DEFAULT CHARSET=utf8;
/*!40101 SET character_set_client = @saved_cs_client */;

--
-- Dumping data for table `mantis_bug_text_table`
--

LOCK TABLES `mantis_bug_text_table` WRITE;
/*!40000 ALTER TABLE `mantis_bug_text_table` DISABLE KEYS */;
INSERT INTO `mantis_bug_text_table` VALUES (1,'Create SSO for all elements of the UnitedGaming Community','',''),(2,'Clothing system that allows you to upload a .png and apply it ov1er a default skin for your own customizations, allow anyone to upload, maybe thru UCP or some sort of clothing store menu','',''),(3,'Vehicle system where you can set handlings, price, whether or not it spawns in a dealership and so on.','',''),(4,'Phone desperately needs updated, it could use some new GUIs and implement texting in the GUI rather than the chatbox','',''),(5,'bean has a really nice down / brutally wounded script like LS-RP that lets you drag ppl, it might need some polishing but its nice','',''),(6,'custom texturing (wallpaper) script','',''),(7,'weapons probably need unfucked, the ammo pack system is so buggy','',''),(8,'bean is working on some economy things like letting you do a mortgage','',''),(9,'If SWAT (or anyone) breaches an interior, for instance, they are left frozen in the interior marker and very vulnerable while the interior loads.','','');
/*!40000 ALTER TABLE `mantis_bug_text_table` ENABLE KEYS */;
UNLOCK TABLES;

--
-- Table structure for table `mantis_bugnote_table`
--

DROP TABLE IF EXISTS `mantis_bugnote_table`;
/*!40101 SET @saved_cs_client     = @@character_set_client */;
/*!40101 SET character_set_client = utf8 */;
CREATE TABLE `mantis_bugnote_table` (
  `id` int(10) unsigned NOT NULL AUTO_INCREMENT,
  `bug_id` int(10) unsigned NOT NULL DEFAULT '0',
  `reporter_id` int(10) unsigned NOT NULL DEFAULT '0',
  `bugnote_text_id` int(10) unsigned NOT NULL DEFAULT '0',
  `view_state` smallint(6) NOT NULL DEFAULT '10',
  `note_type` int(11) DEFAULT '0',
  `note_attr` varchar(250) DEFAULT '',
  `time_tracking` int(10) unsigned NOT NULL DEFAULT '0',
  `last_modified` int(10) unsigned NOT NULL DEFAULT '1',
  `date_submitted` int(10) unsigned NOT NULL DEFAULT '1',
  PRIMARY KEY (`id`),
  KEY `idx_bug` (`bug_id`),
  KEY `idx_last_mod` (`last_modified`)
) ENGINE=MyISAM AUTO_INCREMENT=8 DEFAULT CHARSET=utf8;
/*!40101 SET character_set_client = @saved_cs_client */;

--
-- Dumping data for table `mantis_bugnote_table`
--

LOCK TABLES `mantis_bugnote_table` WRITE;
/*!40000 ALTER TABLE `mantis_bugnote_table` DISABLE KEYS */;
INSERT INTO `mantis_bugnote_table` VALUES (1,1,2,1,10,0,'',0,1456823198,1456823198),(2,9,3,2,10,0,'',0,1456874732,1456874732),(3,2,3,3,10,0,'',0,1456874898,1456874898),(5,2,3,5,10,0,'',0,1456889629,1456889629),(6,2,3,6,10,0,'',0,1456892969,1456892969),(7,2,3,7,10,0,'',0,1457127524,1457127524);
/*!40000 ALTER TABLE `mantis_bugnote_table` ENABLE KEYS */;
UNLOCK TABLES;

--
-- Table structure for table `mantis_bugnote_text_table`
--

DROP TABLE IF EXISTS `mantis_bugnote_text_table`;
/*!40101 SET @saved_cs_client     = @@character_set_client */;
/*!40101 SET character_set_client = utf8 */;
CREATE TABLE `mantis_bugnote_text_table` (
  `id` int(10) unsigned NOT NULL AUTO_INCREMENT,
  `note` longtext NOT NULL,
  PRIMARY KEY (`id`)
) ENGINE=MyISAM AUTO_INCREMENT=8 DEFAULT CHARSET=utf8;
/*!40101 SET character_set_client = @saved_cs_client */;

--
-- Dumping data for table `mantis_bugnote_text_table`
--

LOCK TABLES `mantis_bugnote_text_table` WRITE;
/*!40000 ALTER TABLE `mantis_bugnote_text_table` DISABLE KEYS */;
INSERT INTO `mantis_bugnote_text_table` VALUES (1,'Setup AD registration and login via LDAP and PHP, seems to be working and autologin is not affected. Waiting to see any other potential side effects. \r\n\r\n/changeaccountpassword still needs to be adjusted to adapt to this change'),(2,'Setting people who enter interiors below the interior until it fully loads, then teleports them the rest of the way to the marker, unfrozen.'),(3,'Current plans:\r\n\r\nAdd an NPC at Binco that will allow a player to manage his/her custom textures. They can add, remove, and purchase them.\r\n\r\nFor faction skins - they will be restricted to members of the faction.'),(5,'GUI for player specific textures added, works with database.\r\n\r\nMade it so that only faction leaders can purchase skins that are restricted to the faction.\r\n\r\nTo-do: - Possibly make a function that will delete all skin items once it is deleted from the database.\r\n- Check for restricted skins when a player logs in, if they aren\'t in the faction remove them.'),(6,'Deleted skins items done.\r\n\r\nTo-do: - Check for restricted skins when a player logs in, if they aren\'t in the faction remove them.'),(7,'System completed, could be added upon in the future but there\'s enough here to launch.');
/*!40000 ALTER TABLE `mantis_bugnote_text_table` ENABLE KEYS */;
UNLOCK TABLES;

--
-- Table structure for table `mantis_category_table`
--

DROP TABLE IF EXISTS `mantis_category_table`;
/*!40101 SET @saved_cs_client     = @@character_set_client */;
/*!40101 SET character_set_client = utf8 */;
CREATE TABLE `mantis_category_table` (
  `id` int(10) unsigned NOT NULL AUTO_INCREMENT,
  `project_id` int(10) unsigned NOT NULL DEFAULT '0',
  `user_id` int(10) unsigned NOT NULL DEFAULT '0',
  `name` varchar(128) NOT NULL DEFAULT '',
  `status` int(10) unsigned NOT NULL DEFAULT '0',
  PRIMARY KEY (`id`),
  UNIQUE KEY `idx_category_project_name` (`project_id`,`name`)
) ENGINE=MyISAM AUTO_INCREMENT=3 DEFAULT CHARSET=utf8;
/*!40101 SET character_set_client = @saved_cs_client */;

--
-- Dumping data for table `mantis_category_table`
--

LOCK TABLES `mantis_category_table` WRITE;
/*!40000 ALTER TABLE `mantis_category_table` DISABLE KEYS */;
INSERT INTO `mantis_category_table` VALUES (1,0,0,'General',0),(2,0,0,'MTA:RP',0);
/*!40000 ALTER TABLE `mantis_category_table` ENABLE KEYS */;
UNLOCK TABLES;

--
-- Table structure for table `mantis_config_table`
--

DROP TABLE IF EXISTS `mantis_config_table`;
/*!40101 SET @saved_cs_client     = @@character_set_client */;
/*!40101 SET character_set_client = utf8 */;
CREATE TABLE `mantis_config_table` (
  `config_id` varchar(64) NOT NULL,
  `project_id` int(11) NOT NULL DEFAULT '0',
  `user_id` int(11) NOT NULL DEFAULT '0',
  `access_reqd` int(11) DEFAULT '0',
  `type` int(11) DEFAULT '90',
  `value` longtext NOT NULL,
  PRIMARY KEY (`config_id`,`project_id`,`user_id`)
) ENGINE=MyISAM DEFAULT CHARSET=utf8;
/*!40101 SET character_set_client = @saved_cs_client */;

--
-- Dumping data for table `mantis_config_table`
--

LOCK TABLES `mantis_config_table` WRITE;
/*!40000 ALTER TABLE `mantis_config_table` DISABLE KEYS */;
INSERT INTO `mantis_config_table` VALUES ('database_version',0,0,90,1,'183');
/*!40000 ALTER TABLE `mantis_config_table` ENABLE KEYS */;
UNLOCK TABLES;

--
-- Table structure for table `mantis_custom_field_project_table`
--

DROP TABLE IF EXISTS `mantis_custom_field_project_table`;
/*!40101 SET @saved_cs_client     = @@character_set_client */;
/*!40101 SET character_set_client = utf8 */;
CREATE TABLE `mantis_custom_field_project_table` (
  `field_id` int(11) NOT NULL DEFAULT '0',
  `project_id` int(10) unsigned NOT NULL DEFAULT '0',
  `sequence` smallint(6) NOT NULL DEFAULT '0',
  PRIMARY KEY (`field_id`,`project_id`)
) ENGINE=MyISAM DEFAULT CHARSET=utf8;
/*!40101 SET character_set_client = @saved_cs_client */;

--
-- Dumping data for table `mantis_custom_field_project_table`
--

LOCK TABLES `mantis_custom_field_project_table` WRITE;
/*!40000 ALTER TABLE `mantis_custom_field_project_table` DISABLE KEYS */;
/*!40000 ALTER TABLE `mantis_custom_field_project_table` ENABLE KEYS */;
UNLOCK TABLES;

--
-- Table structure for table `mantis_custom_field_string_table`
--

DROP TABLE IF EXISTS `mantis_custom_field_string_table`;
/*!40101 SET @saved_cs_client     = @@character_set_client */;
/*!40101 SET character_set_client = utf8 */;
CREATE TABLE `mantis_custom_field_string_table` (
  `field_id` int(11) NOT NULL DEFAULT '0',
  `bug_id` int(11) NOT NULL DEFAULT '0',
  `value` varchar(255) NOT NULL DEFAULT '',
  PRIMARY KEY (`field_id`,`bug_id`),
  KEY `idx_custom_field_bug` (`bug_id`)
) ENGINE=MyISAM DEFAULT CHARSET=utf8;
/*!40101 SET character_set_client = @saved_cs_client */;

--
-- Dumping data for table `mantis_custom_field_string_table`
--

LOCK TABLES `mantis_custom_field_string_table` WRITE;
/*!40000 ALTER TABLE `mantis_custom_field_string_table` DISABLE KEYS */;
/*!40000 ALTER TABLE `mantis_custom_field_string_table` ENABLE KEYS */;
UNLOCK TABLES;

--
-- Table structure for table `mantis_custom_field_table`
--

DROP TABLE IF EXISTS `mantis_custom_field_table`;
/*!40101 SET @saved_cs_client     = @@character_set_client */;
/*!40101 SET character_set_client = utf8 */;
CREATE TABLE `mantis_custom_field_table` (
  `id` int(11) NOT NULL AUTO_INCREMENT,
  `name` varchar(64) NOT NULL DEFAULT '',
  `type` smallint(6) NOT NULL DEFAULT '0',
  `possible_values` text NOT NULL,
  `default_value` varchar(255) NOT NULL DEFAULT '',
  `valid_regexp` varchar(255) NOT NULL DEFAULT '',
  `access_level_r` smallint(6) NOT NULL DEFAULT '0',
  `access_level_rw` smallint(6) NOT NULL DEFAULT '0',
  `length_min` int(11) NOT NULL DEFAULT '0',
  `length_max` int(11) NOT NULL DEFAULT '0',
  `require_report` tinyint(4) NOT NULL DEFAULT '0',
  `require_update` tinyint(4) NOT NULL DEFAULT '0',
  `display_report` tinyint(4) NOT NULL DEFAULT '0',
  `display_update` tinyint(4) NOT NULL DEFAULT '1',
  `require_resolved` tinyint(4) NOT NULL DEFAULT '0',
  `display_resolved` tinyint(4) NOT NULL DEFAULT '0',
  `display_closed` tinyint(4) NOT NULL DEFAULT '0',
  `require_closed` tinyint(4) NOT NULL DEFAULT '0',
  `filter_by` tinyint(4) NOT NULL DEFAULT '1',
  PRIMARY KEY (`id`),
  KEY `idx_custom_field_name` (`name`)
) ENGINE=MyISAM DEFAULT CHARSET=utf8;
/*!40101 SET character_set_client = @saved_cs_client */;

--
-- Dumping data for table `mantis_custom_field_table`
--

LOCK TABLES `mantis_custom_field_table` WRITE;
/*!40000 ALTER TABLE `mantis_custom_field_table` DISABLE KEYS */;
/*!40000 ALTER TABLE `mantis_custom_field_table` ENABLE KEYS */;
UNLOCK TABLES;

--
-- Table structure for table `mantis_email_table`
--

DROP TABLE IF EXISTS `mantis_email_table`;
/*!40101 SET @saved_cs_client     = @@character_set_client */;
/*!40101 SET character_set_client = utf8 */;
CREATE TABLE `mantis_email_table` (
  `email_id` int(10) unsigned NOT NULL AUTO_INCREMENT,
  `email` varchar(64) NOT NULL DEFAULT '',
  `subject` varchar(250) NOT NULL DEFAULT '',
  `metadata` longtext NOT NULL,
  `body` longtext NOT NULL,
  `submitted` int(10) unsigned NOT NULL DEFAULT '1',
  PRIMARY KEY (`email_id`)
) ENGINE=MyISAM DEFAULT CHARSET=utf8;
/*!40101 SET character_set_client = @saved_cs_client */;

--
-- Dumping data for table `mantis_email_table`
--

LOCK TABLES `mantis_email_table` WRITE;
/*!40000 ALTER TABLE `mantis_email_table` DISABLE KEYS */;
/*!40000 ALTER TABLE `mantis_email_table` ENABLE KEYS */;
UNLOCK TABLES;

--
-- Table structure for table `mantis_filters_table`
--

DROP TABLE IF EXISTS `mantis_filters_table`;
/*!40101 SET @saved_cs_client     = @@character_set_client */;
/*!40101 SET character_set_client = utf8 */;
CREATE TABLE `mantis_filters_table` (
  `id` int(10) unsigned NOT NULL AUTO_INCREMENT,
  `user_id` int(11) NOT NULL DEFAULT '0',
  `project_id` int(11) NOT NULL DEFAULT '0',
  `is_public` tinyint(4) DEFAULT NULL,
  `name` varchar(64) NOT NULL DEFAULT '',
  `filter_string` longtext NOT NULL,
  PRIMARY KEY (`id`)
) ENGINE=MyISAM DEFAULT CHARSET=utf8;
/*!40101 SET character_set_client = @saved_cs_client */;

--
-- Dumping data for table `mantis_filters_table`
--

LOCK TABLES `mantis_filters_table` WRITE;
/*!40000 ALTER TABLE `mantis_filters_table` DISABLE KEYS */;
/*!40000 ALTER TABLE `mantis_filters_table` ENABLE KEYS */;
UNLOCK TABLES;

--
-- Table structure for table `mantis_news_table`
--

DROP TABLE IF EXISTS `mantis_news_table`;
/*!40101 SET @saved_cs_client     = @@character_set_client */;
/*!40101 SET character_set_client = utf8 */;
CREATE TABLE `mantis_news_table` (
  `id` int(10) unsigned NOT NULL AUTO_INCREMENT,
  `project_id` int(10) unsigned NOT NULL DEFAULT '0',
  `poster_id` int(10) unsigned NOT NULL DEFAULT '0',
  `view_state` smallint(6) NOT NULL DEFAULT '10',
  `announcement` tinyint(4) NOT NULL DEFAULT '0',
  `headline` varchar(64) NOT NULL DEFAULT '',
  `body` longtext NOT NULL,
  `last_modified` int(10) unsigned NOT NULL DEFAULT '1',
  `date_posted` int(10) unsigned NOT NULL DEFAULT '1',
  PRIMARY KEY (`id`)
) ENGINE=MyISAM DEFAULT CHARSET=utf8;
/*!40101 SET character_set_client = @saved_cs_client */;

--
-- Dumping data for table `mantis_news_table`
--

LOCK TABLES `mantis_news_table` WRITE;
/*!40000 ALTER TABLE `mantis_news_table` DISABLE KEYS */;
/*!40000 ALTER TABLE `mantis_news_table` ENABLE KEYS */;
UNLOCK TABLES;

--
-- Table structure for table `mantis_plugin_table`
--

DROP TABLE IF EXISTS `mantis_plugin_table`;
/*!40101 SET @saved_cs_client     = @@character_set_client */;
/*!40101 SET character_set_client = utf8 */;
CREATE TABLE `mantis_plugin_table` (
  `basename` varchar(40) NOT NULL,
  `enabled` tinyint(4) NOT NULL DEFAULT '0',
  `protected` tinyint(4) NOT NULL DEFAULT '0',
  `priority` int(10) unsigned NOT NULL DEFAULT '3',
  PRIMARY KEY (`basename`)
) ENGINE=MyISAM DEFAULT CHARSET=utf8;
/*!40101 SET character_set_client = @saved_cs_client */;

--
-- Dumping data for table `mantis_plugin_table`
--

LOCK TABLES `mantis_plugin_table` WRITE;
/*!40000 ALTER TABLE `mantis_plugin_table` DISABLE KEYS */;
INSERT INTO `mantis_plugin_table` VALUES ('MantisCoreFormatting',1,0,3);
/*!40000 ALTER TABLE `mantis_plugin_table` ENABLE KEYS */;
UNLOCK TABLES;

--
-- Table structure for table `mantis_project_file_table`
--

DROP TABLE IF EXISTS `mantis_project_file_table`;
/*!40101 SET @saved_cs_client     = @@character_set_client */;
/*!40101 SET character_set_client = utf8 */;
CREATE TABLE `mantis_project_file_table` (
  `id` int(10) unsigned NOT NULL AUTO_INCREMENT,
  `project_id` int(10) unsigned NOT NULL DEFAULT '0',
  `title` varchar(250) NOT NULL DEFAULT '',
  `description` varchar(250) NOT NULL DEFAULT '',
  `diskfile` varchar(250) NOT NULL DEFAULT '',
  `filename` varchar(250) NOT NULL DEFAULT '',
  `folder` varchar(250) NOT NULL DEFAULT '',
  `filesize` int(11) NOT NULL DEFAULT '0',
  `file_type` varchar(250) NOT NULL DEFAULT '',
  `content` longblob NOT NULL,
  `date_added` int(10) unsigned NOT NULL DEFAULT '1',
  `user_id` int(10) unsigned NOT NULL DEFAULT '0',
  PRIMARY KEY (`id`)
) ENGINE=MyISAM DEFAULT CHARSET=utf8;
/*!40101 SET character_set_client = @saved_cs_client */;

--
-- Dumping data for table `mantis_project_file_table`
--

LOCK TABLES `mantis_project_file_table` WRITE;
/*!40000 ALTER TABLE `mantis_project_file_table` DISABLE KEYS */;
/*!40000 ALTER TABLE `mantis_project_file_table` ENABLE KEYS */;
UNLOCK TABLES;

--
-- Table structure for table `mantis_project_hierarchy_table`
--

DROP TABLE IF EXISTS `mantis_project_hierarchy_table`;
/*!40101 SET @saved_cs_client     = @@character_set_client */;
/*!40101 SET character_set_client = utf8 */;
CREATE TABLE `mantis_project_hierarchy_table` (
  `child_id` int(10) unsigned NOT NULL,
  `parent_id` int(10) unsigned NOT NULL,
  `inherit_parent` int(10) unsigned NOT NULL DEFAULT '0',
  KEY `idx_project_hierarchy_child_id` (`child_id`),
  KEY `idx_project_hierarchy_parent_id` (`parent_id`)
) ENGINE=MyISAM DEFAULT CHARSET=utf8;
/*!40101 SET character_set_client = @saved_cs_client */;

--
-- Dumping data for table `mantis_project_hierarchy_table`
--

LOCK TABLES `mantis_project_hierarchy_table` WRITE;
/*!40000 ALTER TABLE `mantis_project_hierarchy_table` DISABLE KEYS */;
/*!40000 ALTER TABLE `mantis_project_hierarchy_table` ENABLE KEYS */;
UNLOCK TABLES;

--
-- Table structure for table `mantis_project_table`
--

DROP TABLE IF EXISTS `mantis_project_table`;
/*!40101 SET @saved_cs_client     = @@character_set_client */;
/*!40101 SET character_set_client = utf8 */;
CREATE TABLE `mantis_project_table` (
  `id` int(10) unsigned NOT NULL AUTO_INCREMENT,
  `name` varchar(128) NOT NULL DEFAULT '',
  `status` smallint(6) NOT NULL DEFAULT '10',
  `enabled` tinyint(4) NOT NULL DEFAULT '1',
  `view_state` smallint(6) NOT NULL DEFAULT '10',
  `access_min` smallint(6) NOT NULL DEFAULT '10',
  `file_path` varchar(250) NOT NULL DEFAULT '',
  `description` longtext NOT NULL,
  `category_id` int(10) unsigned NOT NULL DEFAULT '1',
  `inherit_global` int(10) unsigned NOT NULL DEFAULT '0',
  PRIMARY KEY (`id`),
  UNIQUE KEY `idx_project_name` (`name`),
  KEY `idx_project_view` (`view_state`)
) ENGINE=MyISAM AUTO_INCREMENT=2 DEFAULT CHARSET=utf8;
/*!40101 SET character_set_client = @saved_cs_client */;

--
-- Dumping data for table `mantis_project_table`
--

LOCK TABLES `mantis_project_table` WRITE;
/*!40000 ALTER TABLE `mantis_project_table` DISABLE KEYS */;
INSERT INTO `mantis_project_table` VALUES (1,'MTA:RP',10,1,10,10,'','UnitedGaming MTA:RP Game Server',1,1);
/*!40000 ALTER TABLE `mantis_project_table` ENABLE KEYS */;
UNLOCK TABLES;

--
-- Table structure for table `mantis_project_user_list_table`
--

DROP TABLE IF EXISTS `mantis_project_user_list_table`;
/*!40101 SET @saved_cs_client     = @@character_set_client */;
/*!40101 SET character_set_client = utf8 */;
CREATE TABLE `mantis_project_user_list_table` (
  `project_id` int(10) unsigned NOT NULL DEFAULT '0',
  `user_id` int(10) unsigned NOT NULL DEFAULT '0',
  `access_level` smallint(6) NOT NULL DEFAULT '10',
  PRIMARY KEY (`project_id`,`user_id`),
  KEY `idx_project_user` (`user_id`)
) ENGINE=MyISAM DEFAULT CHARSET=utf8;
/*!40101 SET character_set_client = @saved_cs_client */;

--
-- Dumping data for table `mantis_project_user_list_table`
--

LOCK TABLES `mantis_project_user_list_table` WRITE;
/*!40000 ALTER TABLE `mantis_project_user_list_table` DISABLE KEYS */;
INSERT INTO `mantis_project_user_list_table` VALUES (1,3,70);
/*!40000 ALTER TABLE `mantis_project_user_list_table` ENABLE KEYS */;
UNLOCK TABLES;

--
-- Table structure for table `mantis_project_version_table`
--

DROP TABLE IF EXISTS `mantis_project_version_table`;
/*!40101 SET @saved_cs_client     = @@character_set_client */;
/*!40101 SET character_set_client = utf8 */;
CREATE TABLE `mantis_project_version_table` (
  `id` int(11) NOT NULL AUTO_INCREMENT,
  `project_id` int(10) unsigned NOT NULL DEFAULT '0',
  `version` varchar(64) NOT NULL DEFAULT '',
  `description` longtext NOT NULL,
  `released` tinyint(4) NOT NULL DEFAULT '1',
  `obsolete` tinyint(4) NOT NULL DEFAULT '0',
  `date_order` int(10) unsigned NOT NULL DEFAULT '1',
  PRIMARY KEY (`id`),
  UNIQUE KEY `idx_project_version` (`project_id`,`version`)
) ENGINE=MyISAM AUTO_INCREMENT=2 DEFAULT CHARSET=utf8;
/*!40101 SET character_set_client = @saved_cs_client */;

--
-- Dumping data for table `mantis_project_version_table`
--

LOCK TABLES `mantis_project_version_table` WRITE;
/*!40000 ALTER TABLE `mantis_project_version_table` DISABLE KEYS */;
INSERT INTO `mantis_project_version_table` VALUES (1,1,'3.0a','',0,0,1456823234);
/*!40000 ALTER TABLE `mantis_project_version_table` ENABLE KEYS */;
UNLOCK TABLES;

--
-- Table structure for table `mantis_sponsorship_table`
--

DROP TABLE IF EXISTS `mantis_sponsorship_table`;
/*!40101 SET @saved_cs_client     = @@character_set_client */;
/*!40101 SET character_set_client = utf8 */;
CREATE TABLE `mantis_sponsorship_table` (
  `id` int(11) NOT NULL AUTO_INCREMENT,
  `bug_id` int(11) NOT NULL DEFAULT '0',
  `user_id` int(11) NOT NULL DEFAULT '0',
  `amount` int(11) NOT NULL DEFAULT '0',
  `logo` varchar(128) NOT NULL DEFAULT '',
  `url` varchar(128) NOT NULL DEFAULT '',
  `paid` tinyint(4) NOT NULL DEFAULT '0',
  `date_submitted` int(10) unsigned NOT NULL DEFAULT '1',
  `last_updated` int(10) unsigned NOT NULL DEFAULT '1',
  PRIMARY KEY (`id`),
  KEY `idx_sponsorship_bug_id` (`bug_id`),
  KEY `idx_sponsorship_user_id` (`user_id`)
) ENGINE=MyISAM DEFAULT CHARSET=utf8;
/*!40101 SET character_set_client = @saved_cs_client */;

--
-- Dumping data for table `mantis_sponsorship_table`
--

LOCK TABLES `mantis_sponsorship_table` WRITE;
/*!40000 ALTER TABLE `mantis_sponsorship_table` DISABLE KEYS */;
/*!40000 ALTER TABLE `mantis_sponsorship_table` ENABLE KEYS */;
UNLOCK TABLES;

--
-- Table structure for table `mantis_tag_table`
--

DROP TABLE IF EXISTS `mantis_tag_table`;
/*!40101 SET @saved_cs_client     = @@character_set_client */;
/*!40101 SET character_set_client = utf8 */;
CREATE TABLE `mantis_tag_table` (
  `id` int(10) unsigned NOT NULL AUTO_INCREMENT,
  `user_id` int(10) unsigned NOT NULL DEFAULT '0',
  `name` varchar(100) NOT NULL DEFAULT '',
  `description` longtext NOT NULL,
  `date_created` int(10) unsigned NOT NULL DEFAULT '1',
  `date_updated` int(10) unsigned NOT NULL DEFAULT '1',
  PRIMARY KEY (`id`,`name`),
  KEY `idx_tag_name` (`name`)
) ENGINE=MyISAM DEFAULT CHARSET=utf8;
/*!40101 SET character_set_client = @saved_cs_client */;

--
-- Dumping data for table `mantis_tag_table`
--

LOCK TABLES `mantis_tag_table` WRITE;
/*!40000 ALTER TABLE `mantis_tag_table` DISABLE KEYS */;
/*!40000 ALTER TABLE `mantis_tag_table` ENABLE KEYS */;
UNLOCK TABLES;

--
-- Table structure for table `mantis_tokens_table`
--

DROP TABLE IF EXISTS `mantis_tokens_table`;
/*!40101 SET @saved_cs_client     = @@character_set_client */;
/*!40101 SET character_set_client = utf8 */;
CREATE TABLE `mantis_tokens_table` (
  `id` int(11) NOT NULL AUTO_INCREMENT,
  `owner` int(11) NOT NULL,
  `type` int(11) NOT NULL,
  `value` longtext NOT NULL,
  `timestamp` int(10) unsigned NOT NULL DEFAULT '1',
  `expiry` int(10) unsigned NOT NULL DEFAULT '1',
  PRIMARY KEY (`id`),
  KEY `idx_typeowner` (`type`,`owner`)
) ENGINE=MyISAM AUTO_INCREMENT=29 DEFAULT CHARSET=utf8;
/*!40101 SET character_set_client = @saved_cs_client */;

--
-- Dumping data for table `mantis_tokens_table`
--

LOCK TABLES `mantis_tokens_table` WRITE;
/*!40000 ALTER TABLE `mantis_tokens_table` DISABLE KEYS */;
INSERT INTO `mantis_tokens_table` VALUES (5,2,5,'a:1:{s:7:\"profile\";b:0;}',1456822667,1488868491);
/*!40000 ALTER TABLE `mantis_tokens_table` ENABLE KEYS */;
UNLOCK TABLES;

--
-- Table structure for table `mantis_user_pref_table`
--

DROP TABLE IF EXISTS `mantis_user_pref_table`;
/*!40101 SET @saved_cs_client     = @@character_set_client */;
/*!40101 SET character_set_client = utf8 */;
CREATE TABLE `mantis_user_pref_table` (
  `id` int(10) unsigned NOT NULL AUTO_INCREMENT,
  `user_id` int(10) unsigned NOT NULL DEFAULT '0',
  `project_id` int(10) unsigned NOT NULL DEFAULT '0',
  `default_profile` int(10) unsigned NOT NULL DEFAULT '0',
  `default_project` int(10) unsigned NOT NULL DEFAULT '0',
  `refresh_delay` int(11) NOT NULL DEFAULT '0',
  `redirect_delay` int(11) NOT NULL DEFAULT '0',
  `bugnote_order` varchar(4) NOT NULL DEFAULT 'ASC',
  `email_on_new` tinyint(4) NOT NULL DEFAULT '0',
  `email_on_assigned` tinyint(4) NOT NULL DEFAULT '0',
  `email_on_feedback` tinyint(4) NOT NULL DEFAULT '0',
  `email_on_resolved` tinyint(4) NOT NULL DEFAULT '0',
  `email_on_closed` tinyint(4) NOT NULL DEFAULT '0',
  `email_on_reopened` tinyint(4) NOT NULL DEFAULT '0',
  `email_on_bugnote` tinyint(4) NOT NULL DEFAULT '0',
  `email_on_status` tinyint(4) NOT NULL DEFAULT '0',
  `email_on_priority` tinyint(4) NOT NULL DEFAULT '0',
  `email_on_priority_min_severity` smallint(6) NOT NULL DEFAULT '10',
  `email_on_status_min_severity` smallint(6) NOT NULL DEFAULT '10',
  `email_on_bugnote_min_severity` smallint(6) NOT NULL DEFAULT '10',
  `email_on_reopened_min_severity` smallint(6) NOT NULL DEFAULT '10',
  `email_on_closed_min_severity` smallint(6) NOT NULL DEFAULT '10',
  `email_on_resolved_min_severity` smallint(6) NOT NULL DEFAULT '10',
  `email_on_feedback_min_severity` smallint(6) NOT NULL DEFAULT '10',
  `email_on_assigned_min_severity` smallint(6) NOT NULL DEFAULT '10',
  `email_on_new_min_severity` smallint(6) NOT NULL DEFAULT '10',
  `email_bugnote_limit` smallint(6) NOT NULL DEFAULT '0',
  `language` varchar(32) NOT NULL DEFAULT 'english',
  `timezone` varchar(32) NOT NULL DEFAULT '',
  PRIMARY KEY (`id`)
) ENGINE=MyISAM AUTO_INCREMENT=4 DEFAULT CHARSET=utf8;
/*!40101 SET character_set_client = @saved_cs_client */;

--
-- Dumping data for table `mantis_user_pref_table`
--

LOCK TABLES `mantis_user_pref_table` WRITE;
/*!40000 ALTER TABLE `mantis_user_pref_table` DISABLE KEYS */;
INSERT INTO `mantis_user_pref_table` VALUES (1,1,0,0,0,30,2,'ASC',1,1,1,1,1,1,1,0,0,0,0,0,0,0,0,0,0,0,0,'english','America/New_York'),(2,2,0,0,1,30,2,'ASC',1,1,1,1,1,1,1,0,0,0,0,0,0,0,0,0,0,0,0,'english','America/New_York'),(3,3,0,0,1,30,2,'ASC',1,1,1,1,1,1,1,0,0,0,0,0,0,0,0,0,0,0,0,'english','America/New_York');
/*!40000 ALTER TABLE `mantis_user_pref_table` ENABLE KEYS */;
UNLOCK TABLES;

--
-- Table structure for table `mantis_user_print_pref_table`
--

DROP TABLE IF EXISTS `mantis_user_print_pref_table`;
/*!40101 SET @saved_cs_client     = @@character_set_client */;
/*!40101 SET character_set_client = utf8 */;
CREATE TABLE `mantis_user_print_pref_table` (
  `user_id` int(10) unsigned NOT NULL DEFAULT '0',
  `print_pref` varchar(64) NOT NULL,
  PRIMARY KEY (`user_id`)
) ENGINE=MyISAM DEFAULT CHARSET=utf8;
/*!40101 SET character_set_client = @saved_cs_client */;

--
-- Dumping data for table `mantis_user_print_pref_table`
--

LOCK TABLES `mantis_user_print_pref_table` WRITE;
/*!40000 ALTER TABLE `mantis_user_print_pref_table` DISABLE KEYS */;
/*!40000 ALTER TABLE `mantis_user_print_pref_table` ENABLE KEYS */;
UNLOCK TABLES;

--
-- Table structure for table `mantis_user_profile_table`
--

DROP TABLE IF EXISTS `mantis_user_profile_table`;
/*!40101 SET @saved_cs_client     = @@character_set_client */;
/*!40101 SET character_set_client = utf8 */;
CREATE TABLE `mantis_user_profile_table` (
  `id` int(10) unsigned NOT NULL AUTO_INCREMENT,
  `user_id` int(10) unsigned NOT NULL DEFAULT '0',
  `platform` varchar(32) NOT NULL DEFAULT '',
  `os` varchar(32) NOT NULL DEFAULT '',
  `os_build` varchar(32) NOT NULL DEFAULT '',
  `description` longtext NOT NULL,
  PRIMARY KEY (`id`)
) ENGINE=MyISAM AUTO_INCREMENT=3 DEFAULT CHARSET=utf8;
/*!40101 SET character_set_client = @saved_cs_client */;

--
-- Dumping data for table `mantis_user_profile_table`
--

LOCK TABLES `mantis_user_profile_table` WRITE;
/*!40000 ALTER TABLE `mantis_user_profile_table` DISABLE KEYS */;
INSERT INTO `mantis_user_profile_table` VALUES (1,0,'Windows','Any','Any',''),(2,0,'Other','Any','Any','');
/*!40000 ALTER TABLE `mantis_user_profile_table` ENABLE KEYS */;
UNLOCK TABLES;

--
-- Table structure for table `mantis_user_table`
--

DROP TABLE IF EXISTS `mantis_user_table`;
/*!40101 SET @saved_cs_client     = @@character_set_client */;
/*!40101 SET character_set_client = utf8 */;
CREATE TABLE `mantis_user_table` (
  `id` int(10) unsigned NOT NULL AUTO_INCREMENT,
  `username` varchar(32) NOT NULL DEFAULT '',
  `realname` varchar(64) NOT NULL DEFAULT '',
  `email` varchar(64) NOT NULL DEFAULT '',
  `password` varchar(32) NOT NULL DEFAULT '',
  `enabled` tinyint(4) NOT NULL DEFAULT '1',
  `protected` tinyint(4) NOT NULL DEFAULT '0',
  `access_level` smallint(6) NOT NULL DEFAULT '10',
  `login_count` int(11) NOT NULL DEFAULT '0',
  `lost_password_request_count` smallint(6) NOT NULL DEFAULT '0',
  `failed_login_count` smallint(6) NOT NULL DEFAULT '0',
  `cookie_string` varchar(64) NOT NULL DEFAULT '',
  `last_visit` int(10) unsigned NOT NULL DEFAULT '1',
  `date_created` int(10) unsigned NOT NULL DEFAULT '1',
  PRIMARY KEY (`id`),
  UNIQUE KEY `idx_user_cookie_string` (`cookie_string`),
  UNIQUE KEY `idx_user_username` (`username`),
  KEY `idx_enable` (`enabled`),
  KEY `idx_access` (`access_level`)
) ENGINE=MyISAM AUTO_INCREMENT=4 DEFAULT CHARSET=utf8;
/*!40101 SET character_set_client = @saved_cs_client */;

--
-- Dumping data for table `mantis_user_table`
--

LOCK TABLES `mantis_user_table` WRITE;
/*!40000 ALTER TABLE `mantis_user_table` DISABLE KEYS */;
INSERT INTO `mantis_user_table` VALUES (1,'administrator','','root@localhost','2257b0296b6b16230000245b1251dcfd',1,0,90,3,0,5,'d34348ac127caf277a6d87705b357aa3650314cc043da8e645841d8e138bf46e',1456704055,1456704055),(2,'TamFire','TamFire','','2257b0296b6b16230000245b1251dcfd',1,0,90,9,0,0,'5191b67e5f41ed1cf72f2d4f816c9dc55b74e85f2dfed992fa076c93c81a9291',1460339551,1456716936),(3,'Bean','Bean','','7edd2fb394c6ce12109770a73a002189',1,0,70,9,0,0,'35bf3f9cea0e7316667d25e41d8ce700674b5c4978178cb5c098d98b037863f8',1458962899,1456788400);
/*!40000 ALTER TABLE `mantis_user_table` ENABLE KEYS */;
UNLOCK TABLES;
/*!40103 SET TIME_ZONE=@OLD_TIME_ZONE */;

/*!40101 SET SQL_MODE=@OLD_SQL_MODE */;
/*!40014 SET FOREIGN_KEY_CHECKS=@OLD_FOREIGN_KEY_CHECKS */;
/*!40014 SET UNIQUE_CHECKS=@OLD_UNIQUE_CHECKS */;
/*!40101 SET CHARACTER_SET_CLIENT=@OLD_CHARACTER_SET_CLIENT */;
/*!40101 SET CHARACTER_SET_RESULTS=@OLD_CHARACTER_SET_RESULTS */;
/*!40101 SET COLLATION_CONNECTION=@OLD_COLLATION_CONNECTION */;
/*!40111 SET SQL_NOTES=@OLD_SQL_NOTES */;

-- Dump completed on 2016-04-21 21:04:11
